team_id,pre_off,pre_def,route_off,route_def,pre_power
2,8.76575463444847,-7.73467716509542,"last_off|last_def|two_off|two_def|last_sr_off|last_sr_def|cont_pass|cont_skill|cp_x_lo|cs_x_lo|qb_xfer_in|talent4|bluechip4|new_hc|log_tenure|conf_off|promoted (n=832, lambda=0.3)","last_off|last_def|two_off|two_def|last_sr_off|last_sr_def|cont_def|cd_x_ld|talent4|bluechip4|new_hc|log_tenure|conf_def|promoted (n=596, lambda=0.3)",16.5004317995439
5,-5.5693017510941,7.87532974728128,"last_off|last_def|two_off|two_def|last_sr_off|last_sr_def|cont_pass|cont_skill|cp_x_lo|cs_x_lo|qb_xfer_in|talent4|bluechip4|new_hc|log_tenure|conf_off|promoted (n=832, lambda=0.3)","last_off|last_def|two_off|two_def|last_sr_off|last_sr_def|cont_def|cd_x_ld|talent4|bluechip4|new_hc|log_tenure|conf_def|promoted (n=596, lambda=0.3)",-13.4446314983754
6,-3.04058603338389,4.8381418291244,"last_off|last_def|two_off|two_def|last_sr_off|last_sr_def|cont_pass|cont_skill|cp_x_lo|cs_x_lo|qb_xfer_in|talent4|bluechip4|new_hc|log_tenure|conf_off|promoted (n=832, lambda=0.3)","last_off|last_def|two_off|two_def|last_sr_off|last_sr_def|cont_def|cd_x_ld|talent4|bluechip4|new_hc|log_tenure|conf_def|promoted (n=596, lambda=0.3)",-7.87872786250828
8,4.9701804720697,-1.07871967933928,"last_off|last_def|two_off|two_def|last_sr_off|last_sr_def|cont_pass|cont_skill|cp_x_lo|cs_x_lo|qb_xfer_in|talent4|bluechip4|new_hc|log_tenure|conf_off|promoted (n=832, lambda=0.3)","last_off|last_def|two_off|two_def|last_sr_off|last_sr_def|cont_def|cd_x_ld|talent4|bluechip4|new_hc|log_tenure|conf_def|promoted (n=596, lambda=0.3)",6.04890015140898
9,0.619739057792446,-4.20028758523734,"last_off|last_def|two_off|two_def|last_sr_off|last_sr_def|cont_pass|cont_skill|cp_x_lo|cs_x_lo|qb_xfer_in|talent4|bluechip4|new_hc|log_tenure|conf_off|promoted (n=832, lambda=0.3)","last_off|last_def|two_off|two_def|last_sr_off|last_sr_def|cont_def|cd_x_ld|talent4|bluechip4|new_hc|log_tenure|conf_def|promoted (n=596, lambda=0.3)",4.82002664302978
12,3.95901058744003,-3.27147661162971,"last_off|last_def|two_off|two_def|last_sr_off|last_sr_def|cont_pass|cont_skill|cp_x_lo|cs_x_lo|qb_xfer_in|talent4|bluechip4|new_hc|log_tenure|conf_off|promoted (n=832, lambda=0.3)","last_off|last_def|two_off|two_def|last_sr_off|last_sr_def|cont_def|cd_x_ld|talent4|bluechip4|new_hc|log_tenure|conf_def|promoted (n=596, lambda=0.3)",7.23048719906975
16,-4.58114361267038,6.45966733090083,"qb_xfer_in|talent4|bluechip4|new_hc|log_tenure|conf_off|promoted (n=970, lambda=0.03)","talent4|bluechip4|new_hc|log_tenure|conf_def|promoted (n=970, lambda=0.03)",-11.0408109435712
21,0.76865706963829,-0.0384223740073279,"last_off|last_def|two_off|two_def|last_sr_off|last_sr_def|cont_pass|cont_skill|cp_x_lo|cs_x_lo|qb_xfer_in|talent4|bluechip4|new_hc|log_tenure|conf_off|promoted (n=832, lambda=0.3)","last_off|last_def|two_off|two_def|last_sr_off|last_sr_def|cont_def|cd_x_ld|talent4|bluechip4|new_hc|log_tenure|conf_def|promoted (n=596, lambda=0.3)",0.807079443645618
23,-6.02832549109234,6.52267346128055,"last_off|last_def|two_off|two_def|cont_pass|cont_skill|cp_x_lo|cs_x_lo|qb_xfer_in|talent4|bluechip4|new_hc|log_tenure|conf_off|promoted (n=839, lambda=0.3)","last_off|last_def|two_off|two_def|cont_def|cd_x_ld|talent4|bluechip4|new_hc|log_tenure|conf_def|promoted (n=601, lambda=0.3)",-12.5509989523729
24,-3.49886664465027,0.165171556576694,"last_off|last_def|two_off|two_def|last_sr_off|last_sr_def|cont_pass|cont_skill|cp_x_lo|cs_x_lo|qb_xfer_in|talent4|bluechip4|new_hc|log_tenure|conf_off|promoted (n=832, lambda=0.3)","last_off|last_def|two_off|two_def|last_sr_off|last_sr_def|cont_def|cd_x_ld|talent4|bluechip4|new_hc|log_tenure|conf_def|promoted (n=596, lambda=0.3)",-3.66403820122697
25,1.84791683783275,1.73644339071514,"last_off|last_def|two_off|two_def|last_sr_off|last_sr_def|cont_pass|cont_skill|cp_x_lo|cs_x_lo|qb_xfer_in|talent4|bluechip4|new_hc|log_tenure|conf_off|promoted (n=832, lambda=0.3)","last_off|last_def|two_off|two_def|last_sr_off|last_sr_def|cont_def|cd_x_ld|talent4|bluechip4|new_hc|log_tenure|conf_def|promoted (n=596, lambda=0.3)",0.111473447117606
26,3.3554594055981,-1.74332247761169,"last_off|last_def|two_off|two_def|last_sr_off|last_sr_def|cont_pass|cont_skill|cp_x_lo|cs_x_lo|qb_xfer_in|talent4|bluechip4|new_hc|log_tenure|conf_off|promoted (n=832, lambda=0.3)","last_off|last_def|two_off|two_def|last_sr_off|last_sr_def|cont_def|cd_x_ld|talent4|bluechip4|new_hc|log_tenure|conf_def|promoted (n=596, lambda=0.3)",5.09878188320979
30,8.05749430295648,-7.53042371598139,"last_off|last_def|two_off|two_def|last_sr_off|last_sr_def|cont_pass|cont_skill|cp_x_lo|cs_x_lo|qb_xfer_in|talent4|bluechip4|new_hc|log_tenure|conf_off|promoted (n=832, lambda=0.3)","last_off|last_def|two_off|two_def|last_sr_off|last_sr_def|cont_def|cd_x_ld|talent4|bluechip4|new_hc|log_tenure|conf_def|promoted (n=596, lambda=0.3)",15.5879180189379
36,-4.48027103186969,3.07167024012759,"last_off|last_def|two_off|two_def|last_sr_off|last_sr_def|cont_pass|cont_skill|cp_x_lo|cs_x_lo|qb_xfer_in|talent4|bluechip4|new_hc|log_tenure|conf_off|promoted (n=832, lambda=0.3)","last_off|last_def|two_off|two_def|last_sr_off|last_sr_def|cont_def|cd_x_ld|talent4|bluechip4|new_hc|log_tenure|conf_def|promoted (n=596, lambda=0.3)",-7.55194127199729
38,1.69735225497314,-2.40762309520353,"last_off|last_def|two_off|two_def|last_sr_off|last_sr_def|cont_pass|cont_skill|cp_x_lo|cs_x_lo|qb_xfer_in|talent4|bluechip4|new_hc|log_tenure|conf_off|promoted (n=832, lambda=0.3)","last_off|last_def|two_off|two_def|last_sr_off|last_sr_def|cont_def|cd_x_ld|talent4|bluechip4|new_hc|log_tenure|conf_def|promoted (n=596, lambda=0.3)",4.10497535017667
41,-3.43691409901069,5.68481542586758,"last_off|last_def|two_off|two_def|last_sr_off|last_sr_def|cont_pass|cont_skill|cp_x_lo|cs_x_lo|qb_xfer_in|talent4|bluechip4|new_hc|log_tenure|promoted (n=864, lambda=0.3)","last_off|last_def|two_off|two_def|last_sr_off|last_sr_def|cont_def|cd_x_ld|talent4|bluechip4|new_hc|log_tenure|promoted (n=621, lambda=0.3)",-9.12172952487826
48,-3.94428430939958,6.64174110476904,"last_off|last_def|last_sr_off|last_sr_def|cont_pass|cont_skill|cp_x_lo|cs_x_lo|qb_xfer_in|talent4|bluechip4|new_hc|log_tenure|conf_off|promoted (n=955, lambda=0.1)","last_off|last_def|last_sr_off|last_sr_def|cont_def|cd_x_ld|talent4|bluechip4|new_hc|log_tenure|conf_def|promoted (n=599, lambda=0.3)",-10.5860254141686
52,5.57977073307225,-5.34104760932808,"last_off|last_def|two_off|two_def|last_sr_off|last_sr_def|cont_pass|cont_skill|cp_x_lo|cs_x_lo|qb_xfer_in|talent4|bluechip4|new_hc|log_tenure|conf_off|promoted (n=832, lambda=0.3)","last_off|last_def|two_off|two_def|last_sr_off|last_sr_def|cont_def|cd_x_ld|talent4|bluechip4|new_hc|log_tenure|conf_def|promoted (n=596, lambda=0.3)",10.9208183424003
55,-3.93436573060295,5.60521616636555,"last_off|last_def|two_off|two_def|last_sr_off|last_sr_def|cont_pass|cont_skill|cp_x_lo|cs_x_lo|qb_xfer_in|talent4|bluechip4|new_hc|log_tenure|conf_off|promoted (n=832, lambda=0.3)","last_off|last_def|two_off|two_def|last_sr_off|last_sr_def|cont_def|cd_x_ld|talent4|bluechip4|new_hc|log_tenure|conf_def|promoted (n=596, lambda=0.3)",-9.53958189696849
57,6.44348752755094,-7.28501053808764,"last_off|last_def|two_off|two_def|last_sr_off|last_sr_def|cont_pass|cont_skill|cp_x_lo|cs_x_lo|qb_xfer_in|talent4|bluechip4|new_hc|log_tenure|conf_off|promoted (n=832, lambda=0.3)","last_off|last_def|two_off|two_def|last_sr_off|last_sr_def|cont_def|cd_x_ld|talent4|bluechip4|new_hc|log_tenure|conf_def|promoted (n=596, lambda=0.3)",13.7284980656386
58,1.61277578632564,0.859184664535718,"last_off|last_def|two_off|two_def|last_sr_off|last_sr_def|cont_pass|cont_skill|cp_x_lo|cs_x_lo|qb_xfer_in|talent4|bluechip4|new_hc|log_tenure|conf_off|promoted (n=832, lambda=0.3)","last_off|last_def|two_off|two_def|last_sr_off|last_sr_def|cont_def|cd_x_ld|talent4|bluechip4|new_hc|log_tenure|conf_def|promoted (n=596, lambda=0.3)",0.753591121789919
59,2.20417155353931,-2.68065702912444,"last_off|last_def|two_off|two_def|last_sr_off|last_sr_def|cont_pass|cont_skill|cp_x_lo|cs_x_lo|qb_xfer_in|talent4|bluechip4|new_hc|log_tenure|conf_off|promoted (n=832, lambda=0.3)","last_off|last_def|two_off|two_def|last_sr_off|last_sr_def|cont_def|cd_x_ld|talent4|bluechip4|new_hc|log_tenure|conf_def|promoted (n=596, lambda=0.3)",4.88482858266375
61,10.0984870022721,-11.8432302016567,"last_off|last_def|two_off|two_def|last_sr_off|last_sr_def|cont_pass|cont_skill|cp_x_lo|cs_x_lo|qb_xfer_in|talent4|bluechip4|new_hc|log_tenure|conf_off|promoted (n=832, lambda=0.3)","last_off|last_def|two_off|two_def|last_sr_off|last_sr_def|cont_def|cd_x_ld|talent4|bluechip4|new_hc|log_tenure|conf_def|promoted (n=596, lambda=0.3)",21.9417172039288
62,-2.60747750399848,3.6281737227214,"last_off|last_def|two_off|two_def|last_sr_off|last_sr_def|cont_pass|cont_skill|cp_x_lo|cs_x_lo|qb_xfer_in|talent4|bluechip4|new_hc|log_tenure|conf_off|promoted (n=832, lambda=0.3)","last_off|last_def|two_off|two_def|last_sr_off|last_sr_def|cont_def|cd_x_ld|talent4|bluechip4|new_hc|log_tenure|conf_def|promoted (n=596, lambda=0.3)",-6.23565122671988
66,1.21924278854414,-2.22792677195374,"last_off|last_def|two_off|two_def|last_sr_off|last_sr_def|cont_pass|cont_skill|cp_x_lo|cs_x_lo|qb_xfer_in|talent4|bluechip4|new_hc|log_tenure|conf_off|promoted (n=832, lambda=0.3)","last_off|last_def|two_off|two_def|last_sr_off|last_sr_def|cont_def|cd_x_ld|talent4|bluechip4|new_hc|log_tenure|conf_def|promoted (n=596, lambda=0.3)",3.44716956049788
68,1.93158133351566,-1.3572190070295,"last_off|last_def|two_off|two_def|last_sr_off|last_sr_def|cont_pass|cont_skill|cp_x_lo|cs_x_lo|qb_xfer_in|talent4|bluechip4|new_hc|log_tenure|conf_off|promoted (n=832, lambda=0.3)","last_off|last_def|two_off|two_def|last_sr_off|last_sr_def|cont_def|cd_x_ld|talent4|bluechip4|new_hc|log_tenure|conf_def|promoted (n=596, lambda=0.3)",3.28880034054516
77,1.91269983640838,-3.42728520492408,"last_off|last_def|two_off|two_def|last_sr_off|last_sr_def|cont_pass|cont_skill|cp_x_lo|cs_x_lo|qb_xfer_in|talent4|bluechip4|new_hc|log_tenure|conf_off|promoted (n=832, lambda=0.3)","last_off|last_def|two_off|two_def|last_sr_off|last_sr_def|cont_def|cd_x_ld|talent4|bluechip4|new_hc|log_tenure|conf_def|promoted (n=596, lambda=0.3)",5.33998504133247
84,9.29150853395877,-9.82409244022675,"last_off|last_def|two_off|two_def|last_sr_off|last_sr_def|cont_pass|cont_skill|cp_x_lo|cs_x_lo|qb_xfer_in|talent4|bluechip4|new_hc|log_tenure|conf_off|promoted (n=832, lambda=0.3)","last_off|last_def|two_off|two_def|last_sr_off|last_sr_def|cont_def|cd_x_ld|talent4|bluechip4|new_hc|log_tenure|conf_def|promoted (n=596, lambda=0.3)",19.1156009741855
87,9.13734432192181,-12.7377191490067,"last_off|last_def|two_off|two_def|last_sr_off|last_sr_def|cont_pass|cont_skill|cp_x_lo|cs_x_lo|qb_xfer_in|talent4|bluechip4|new_hc|log_tenure|promoted (n=864, lambda=0.3)","last_off|last_def|two_off|two_def|last_sr_off|last_sr_def|cont_def|cd_x_ld|talent4|bluechip4|new_hc|log_tenure|promoted (n=621, lambda=0.3)",21.8750634709285
96,-0.621568025906486,-3.05766012194011,"last_off|last_def|two_off|two_def|last_sr_off|last_sr_def|cont_pass|cont_skill|cp_x_lo|cs_x_lo|qb_xfer_in|talent4|bluechip4|new_hc|log_tenure|conf_off|promoted (n=832, lambda=0.3)","last_off|last_def|two_off|two_def|last_sr_off|last_sr_def|cont_def|cd_x_ld|talent4|bluechip4|new_hc|log_tenure|conf_def|promoted (n=596, lambda=0.3)",2.43609209603362
97,5.25906656889062,-4.35986535419278,"last_off|last_def|two_off|two_def|last_sr_off|last_sr_def|cont_pass|cont_skill|cp_x_lo|cs_x_lo|qb_xfer_in|talent4|bluechip4|new_hc|log_tenure|conf_off|promoted (n=832, lambda=0.3)","last_off|last_def|two_off|two_def|last_sr_off|last_sr_def|cont_def|cd_x_ld|talent4|bluechip4|new_hc|log_tenure|conf_def|promoted (n=596, lambda=0.3)",9.61893192308341
98,-3.43797408731373,3.14695667718389,"last_off|last_def|two_off|two_def|last_sr_off|last_sr_def|cont_pass|cont_skill|cp_x_lo|cs_x_lo|qb_xfer_in|talent4|bluechip4|new_hc|log_tenure|conf_off|promoted (n=832, lambda=0.3)","last_off|last_def|two_off|two_def|last_sr_off|last_sr_def|cont_def|cd_x_ld|talent4|bluechip4|new_hc|log_tenure|conf_def|promoted (n=596, lambda=0.3)",-6.58493076449761
99,7.01384695243771,-8.39329426969411,"last_off|last_def|two_off|two_def|last_sr_off|last_sr_def|cont_pass|cont_skill|cp_x_lo|cs_x_lo|qb_xfer_in|talent4|bluechip4|new_hc|log_tenure|conf_off|promoted (n=832, lambda=0.3)","last_off|last_def|two_off|two_def|last_sr_off|last_sr_def|cont_def|cd_x_ld|talent4|bluechip4|new_hc|log_tenure|conf_def|promoted (n=596, lambda=0.3)",15.4071412221318
103,-1.41908368136458,0.976405582694646,"last_off|last_def|two_off|two_def|last_sr_off|last_sr_def|cont_pass|cont_skill|cp_x_lo|cs_x_lo|qb_xfer_in|talent4|bluechip4|new_hc|log_tenure|conf_off|promoted (n=832, lambda=0.3)","last_off|last_def|two_off|two_def|last_sr_off|last_sr_def|cont_def|cd_x_ld|talent4|bluechip4|new_hc|log_tenure|conf_def|promoted (n=596, lambda=0.3)",-2.39548926405922
113,-10.244241231372,10.9017337039154,"last_off|last_def|two_off|two_def|last_sr_off|last_sr_def|cont_pass|cont_skill|cp_x_lo|cs_x_lo|qb_xfer_in|talent4|bluechip4|new_hc|log_tenure|conf_off|promoted (n=832, lambda=0.3)","last_off|last_def|two_off|two_def|last_sr_off|last_sr_def|cont_def|cd_x_ld|talent4|bluechip4|new_hc|log_tenure|conf_def|promoted (n=596, lambda=0.3)",-21.1459749352874
120,0.314015668965906,-2.44002128636299,"last_off|last_def|two_off|two_def|last_sr_off|last_sr_def|cont_pass|cont_skill|cp_x_lo|cs_x_lo|qb_xfer_in|talent4|bluechip4|new_hc|log_tenure|conf_off|promoted (n=832, lambda=0.3)","last_off|last_def|two_off|two_def|last_sr_off|last_sr_def|cont_def|cd_x_ld|talent4|bluechip4|new_hc|log_tenure|conf_def|promoted (n=596, lambda=0.3)",2.7540369553289
127,1.9069266519015,-0.482857894274956,"last_off|last_def|two_off|two_def|last_sr_off|last_sr_def|cont_pass|cont_skill|cp_x_lo|cs_x_lo|qb_xfer_in|talent4|bluechip4|new_hc|log_tenure|conf_off|promoted (n=832, lambda=0.3)","last_off|last_def|two_off|two_def|last_sr_off|last_sr_def|cont_def|cd_x_ld|talent4|bluechip4|new_hc|log_tenure|conf_def|promoted (n=596, lambda=0.3)",2.38978454617646
130,6.1987045827217,-5.74365046212332,"last_off|last_def|two_off|two_def|last_sr_off|last_sr_def|cont_pass|cont_skill|cp_x_lo|cs_x_lo|qb_xfer_in|talent4|bluechip4|new_hc|log_tenure|conf_off|promoted (n=832, lambda=0.3)","last_off|last_def|two_off|two_def|last_sr_off|last_sr_def|cont_def|cd_x_ld|talent4|bluechip4|new_hc|log_tenure|conf_def|promoted (n=596, lambda=0.3)",11.942355044845
135,0.418335677792675,-4.29977424406021,"last_off|last_def|two_off|two_def|last_sr_off|last_sr_def|cont_pass|cont_skill|cp_x_lo|cs_x_lo|qb_xfer_in|talent4|bluechip4|new_hc|log_tenure|conf_off|promoted (n=832, lambda=0.3)","last_off|last_def|two_off|two_def|last_sr_off|last_sr_def|cont_def|cd_x_ld|talent4|bluechip4|new_hc|log_tenure|conf_def|promoted (n=596, lambda=0.3)",4.71810992185288
142,5.41393072983338,-6.77423547487273,"last_off|last_def|two_off|two_def|last_sr_off|last_sr_def|cont_pass|cont_skill|cp_x_lo|cs_x_lo|qb_xfer_in|talent4|bluechip4|new_hc|log_tenure|conf_off|promoted (n=832, lambda=0.3)","last_off|last_def|two_off|two_def|last_sr_off|last_sr_def|cont_def|cd_x_ld|talent4|bluechip4|new_hc|log_tenure|conf_def|promoted (n=596, lambda=0.3)",12.1881662047061
145,10.1107481782369,-7.52777220011683,"last_off|last_def|two_off|two_def|last_sr_off|last_sr_def|cont_pass|cont_skill|cp_x_lo|cs_x_lo|qb_xfer_in|talent4|bluechip4|new_hc|log_tenure|conf_off|promoted (n=832, lambda=0.3)","last_off|last_def|two_off|two_def|last_sr_off|last_sr_def|cont_def|cd_x_ld|talent4|bluechip4|new_hc|log_tenure|conf_def|promoted (n=596, lambda=0.3)",17.6385203783538
150,2.659419829192,0.345975543659106,"last_off|last_def|two_off|two_def|last_sr_off|last_sr_def|cont_pass|cont_skill|cp_x_lo|cs_x_lo|qb_xfer_in|talent4|bluechip4|new_hc|log_tenure|conf_off|promoted (n=832, lambda=0.3)","last_off|last_def|two_off|two_def|last_sr_off|last_sr_def|cont_def|cd_x_ld|talent4|bluechip4|new_hc|log_tenure|conf_def|promoted (n=596, lambda=0.3)",2.31344428553289
151,-0.334582117449779,0.629056052986044,"last_off|last_def|two_off|two_def|last_sr_off|last_sr_def|cont_pass|cont_skill|cp_x_lo|cs_x_lo|qb_xfer_in|talent4|bluechip4|new_hc|log_tenure|conf_off|promoted (n=832, lambda=0.3)","last_off|last_def|two_off|two_def|last_sr_off|last_sr_def|cont_def|cd_x_ld|talent4|bluechip4|new_hc|log_tenure|conf_def|promoted (n=596, lambda=0.3)",-0.963638170435823
152,3.7855588145103,-1.99634508143667,"last_off|last_def|two_off|two_def|last_sr_off|last_sr_def|cont_pass|cont_skill|cp_x_lo|cs_x_lo|qb_xfer_in|talent4|bluechip4|new_hc|log_tenure|conf_off|promoted (n=832, lambda=0.3)","last_off|last_def|two_off|two_def|last_sr_off|last_sr_def|cont_def|cd_x_ld|talent4|bluechip4|new_hc|log_tenure|conf_def|promoted (n=596, lambda=0.3)",5.78190389594696
153,-1.36592510891002,0.958149069632166,"last_off|last_def|two_off|two_def|last_sr_off|last_sr_def|cont_pass|cont_skill|cp_x_lo|cs_x_lo|qb_xfer_in|talent4|bluechip4|new_hc|log_tenure|conf_off|promoted (n=832, lambda=0.3)","last_off|last_def|two_off|two_def|last_sr_off|last_sr_def|cont_def|cd_x_ld|talent4|bluechip4|new_hc|log_tenure|conf_def|promoted (n=596, lambda=0.3)",-2.32407417854218
154,-0.155705018157856,-1.59607000063605,"last_off|last_def|two_off|two_def|last_sr_off|last_sr_def|cont_pass|cont_skill|cp_x_lo|cs_x_lo|qb_xfer_in|talent4|bluechip4|new_hc|log_tenure|conf_off|promoted (n=832, lambda=0.3)","last_off|last_def|two_off|two_def|last_sr_off|last_sr_def|cont_def|cd_x_ld|talent4|bluechip4|new_hc|log_tenure|conf_def|promoted (n=596, lambda=0.3)",1.44036498247819
158,4.36411376408331,-5.50831686245633,"last_off|last_def|two_off|two_def|last_sr_off|last_sr_def|cont_pass|cont_skill|cp_x_lo|cs_x_lo|qb_xfer_in|talent4|bluechip4|new_hc|log_tenure|conf_off|promoted (n=832, lambda=0.3)","last_off|last_def|two_off|two_def|last_sr_off|last_sr_def|cont_def|cd_x_ld|talent4|bluechip4|new_hc|log_tenure|conf_def|promoted (n=596, lambda=0.3)",9.87243062653964
164,3.6415304176496,-0.897297614239823,"last_off|last_def|two_off|two_def|last_sr_off|last_sr_def|cont_pass|cont_skill|cp_x_lo|cs_x_lo|qb_xfer_in|talent4|bluechip4|new_hc|log_tenure|conf_off|promoted (n=832, lambda=0.3)","last_off|last_def|two_off|two_def|last_sr_off|last_sr_def|cont_def|cd_x_ld|talent4|bluechip4|new_hc|log_tenure|conf_def|promoted (n=596, lambda=0.3)",4.53882803188942
166,-7.27454051001656,7.3095587112209,"last_off|last_def|two_off|two_def|last_sr_off|last_sr_def|cont_pass|cont_skill|cp_x_lo|cs_x_lo|qb_xfer_in|talent4|bluechip4|new_hc|log_tenure|conf_off|promoted (n=832, lambda=0.3)","last_off|last_def|two_off|two_def|last_sr_off|last_sr_def|cont_def|cd_x_ld|talent4|bluechip4|new_hc|log_tenure|conf_def|promoted (n=596, lambda=0.3)",-14.5840992212375
167,-3.53469208502567,3.61196725581035,"last_off|last_def|two_off|two_def|last_sr_off|last_sr_def|cont_pass|cont_skill|cp_x_lo|cs_x_lo|qb_xfer_in|talent4|bluechip4|new_hc|log_tenure|conf_off|promoted (n=832, lambda=0.3)","last_off|last_def|two_off|two_def|last_sr_off|last_sr_def|cont_def|cd_x_ld|talent4|bluechip4|new_hc|log_tenure|conf_def|promoted (n=596, lambda=0.3)",-7.14665934083602
183,-2.37361007350461,0.441186176538432,"last_off|last_def|two_off|two_def|last_sr_off|last_sr_def|cont_pass|cont_skill|cp_x_lo|cs_x_lo|qb_xfer_in|talent4|bluechip4|new_hc|log_tenure|conf_off|promoted (n=832, lambda=0.3)","last_off|last_def|two_off|two_def|last_sr_off|last_sr_def|cont_def|cd_x_ld|talent4|bluechip4|new_hc|log_tenure|conf_def|promoted (n=596, lambda=0.3)",-2.81479625004304
189,-6.76558480983365,4.29604151699314,"last_off|last_def|two_off|two_def|last_sr_off|last_sr_def|cont_pass|cont_skill|cp_x_lo|cs_x_lo|qb_xfer_in|talent4|bluechip4|new_hc|log_tenure|conf_off|promoted (n=832, lambda=0.3)","last_off|last_def|two_off|two_def|last_sr_off|last_sr_def|cont_def|cd_x_ld|talent4|bluechip4|new_hc|log_tenure|conf_def|promoted (n=596, lambda=0.3)",-11.0616263268268
193,-4.57074859900309,0.459881128507402,"last_off|last_def|two_off|two_def|last_sr_off|last_sr_def|cont_pass|cont_skill|cp_x_lo|cs_x_lo|qb_xfer_in|talent4|bluechip4|new_hc|log_tenure|conf_off|promoted (n=832, lambda=0.3)","last_off|last_def|two_off|two_def|last_sr_off|last_sr_def|cont_def|cd_x_ld|talent4|bluechip4|new_hc|log_tenure|conf_def|promoted (n=596, lambda=0.3)",-5.03062972751049
194,11.9568932536736,-13.2815822606707,"last_off|last_def|two_off|two_def|last_sr_off|last_sr_def|cont_pass|cont_skill|cp_x_lo|cs_x_lo|qb_xfer_in|talent4|bluechip4|new_hc|log_tenure|conf_off|promoted (n=832, lambda=0.3)","last_off|last_def|two_off|two_def|last_sr_off|last_sr_def|cont_def|cd_x_ld|talent4|bluechip4|new_hc|log_tenure|conf_def|promoted (n=596, lambda=0.3)",25.2384755143443
195,-4.63289868203266,2.484456758477,"last_off|last_def|two_off|two_def|last_sr_off|last_sr_def|cont_pass|cont_skill|cp_x_lo|cs_x_lo|qb_xfer_in|talent4|bluechip4|new_hc|log_tenure|conf_off|promoted (n=832, lambda=0.3)","last_off|last_def|two_off|two_def|last_sr_off|last_sr_def|cont_def|cd_x_ld|talent4|bluechip4|new_hc|log_tenure|conf_def|promoted (n=596, lambda=0.3)",-7.11735544050966
197,-2.10164018223997,2.42291583684751,"last_off|last_def|two_off|two_def|last_sr_off|last_sr_def|cont_pass|cont_skill|cp_x_lo|cs_x_lo|qb_xfer_in|talent4|bluechip4|new_hc|log_tenure|conf_off|promoted (n=832, lambda=0.3)","last_off|last_def|two_off|two_def|last_sr_off|last_sr_def|cont_def|cd_x_ld|talent4|bluechip4|new_hc|log_tenure|conf_def|promoted (n=596, lambda=0.3)",-4.52455601908747
201,8.64287119286126,-9.88555798658013,"last_off|last_def|two_off|two_def|last_sr_off|last_sr_def|cont_pass|cont_skill|cp_x_lo|cs_x_lo|qb_xfer_in|talent4|bluechip4|new_hc|log_tenure|conf_off|promoted (n=832, lambda=0.3)","last_off|last_def|two_off|two_def|last_sr_off|last_sr_def|cont_def|cd_x_ld|talent4|bluechip4|new_hc|log_tenure|conf_def|promoted (n=596, lambda=0.3)",18.5284291794414
202,-3.62010435455467,5.19732254710858,"last_off|last_def|two_off|two_def|last_sr_off|last_sr_def|cont_pass|cont_skill|cp_x_lo|cs_x_lo|qb_xfer_in|talent4|bluechip4|new_hc|log_tenure|conf_off|promoted (n=832, lambda=0.3)","last_off|last_def|two_off|two_def|last_sr_off|last_sr_def|cont_def|cd_x_ld|talent4|bluechip4|new_hc|log_tenure|conf_def|promoted (n=596, lambda=0.3)",-8.81742690166325
204,-5.6560962603689,3.62183244489295,"last_off|last_def|two_off|two_def|last_sr_off|last_sr_def|cont_pass|cont_skill|cp_x_lo|cs_x_lo|qb_xfer_in|talent4|bluechip4|new_hc|log_tenure|conf_off|promoted (n=832, lambda=0.3)","last_off|last_def|two_off|two_def|last_sr_off|last_sr_def|cont_def|cd_x_ld|talent4|bluechip4|new_hc|log_tenure|conf_def|promoted (n=596, lambda=0.3)",-9.27792870526185
213,7.48722248774353,-7.78962580973069,"last_off|last_def|two_off|two_def|last_sr_off|last_sr_def|cont_pass|cont_skill|cp_x_lo|cs_x_lo|qb_xfer_in|talent4|bluechip4|new_hc|log_tenure|conf_off|promoted (n=832, lambda=0.3)","last_off|last_def|two_off|two_def|last_sr_off|last_sr_def|cont_def|cd_x_ld|talent4|bluechip4|new_hc|log_tenure|conf_def|promoted (n=596, lambda=0.3)",15.2768482974742
218,-3.72762279046275,5.36546712749945,"last_off|last_def|two_off|two_def|last_sr_off|last_sr_def|cont_pass|cont_skill|cp_x_lo|cs_x_lo|qb_xfer_in|talent4|bluechip4|new_hc|log_tenure|conf_off|promoted (n=832, lambda=0.3)","last_off|last_def|two_off|two_def|last_sr_off|last_sr_def|cont_def|cd_x_ld|talent4|bluechip4|new_hc|log_tenure|conf_def|promoted (n=596, lambda=0.3)",-9.0930899179622
221,1.84964598497136,-2.72987156896611,"last_off|last_def|two_off|two_def|last_sr_off|last_sr_def|cont_pass|cont_skill|cp_x_lo|cs_x_lo|qb_xfer_in|talent4|bluechip4|new_hc|log_tenure|conf_off|promoted (n=832, lambda=0.3)","last_off|last_def|two_off|two_def|last_sr_off|last_sr_def|cont_def|cd_x_ld|talent4|bluechip4|new_hc|log_tenure|conf_def|promoted (n=596, lambda=0.3)",4.57951755393748
228,3.61104870104473,-7.13266398716247,"last_off|last_def|two_off|two_def|last_sr_off|last_sr_def|cont_pass|cont_skill|cp_x_lo|cs_x_lo|qb_xfer_in|talent4|bluechip4|new_hc|log_tenure|conf_off|promoted (n=832, lambda=0.3)","last_off|last_def|two_off|two_def|last_sr_off|last_sr_def|cont_def|cd_x_ld|talent4|bluechip4|new_hc|log_tenure|conf_def|promoted (n=596, lambda=0.3)",10.7437126882072
235,-1.06920254710235,-0.231537410329557,"last_off|last_def|two_off|two_def|last_sr_off|last_sr_def|cont_pass|cont_skill|cp_x_lo|cs_x_lo|qb_xfer_in|talent4|bluechip4|new_hc|log_tenure|conf_off|promoted (n=832, lambda=0.3)","last_off|last_def|two_off|two_def|last_sr_off|last_sr_def|cont_def|cd_x_ld|talent4|bluechip4|new_hc|log_tenure|conf_def|promoted (n=596, lambda=0.3)",-0.837665136772797
238,6.5637602204856,-5.15330331306932,"last_off|last_def|two_off|two_def|last_sr_off|last_sr_def|cont_pass|cont_skill|cp_x_lo|cs_x_lo|qb_xfer_in|talent4|bluechip4|new_hc|log_tenure|conf_off|promoted (n=832, lambda=0.3)","last_off|last_def|two_off|two_def|last_sr_off|last_sr_def|cont_def|cd_x_ld|talent4|bluechip4|new_hc|log_tenure|conf_def|promoted (n=596, lambda=0.3)",11.7170635335549
239,1.34424898243077,-0.609991119683961,"last_off|last_def|two_off|two_def|last_sr_off|last_sr_def|cont_pass|cont_skill|cp_x_lo|cs_x_lo|qb_xfer_in|talent4|bluechip4|new_hc|log_tenure|conf_off|promoted (n=832, lambda=0.3)","last_off|last_def|two_off|two_def|last_sr_off|last_sr_def|cont_def|cd_x_ld|talent4|bluechip4|new_hc|log_tenure|conf_def|promoted (n=596, lambda=0.3)",1.95424010211473
242,-6.87335687794276,4.17244616849839,"last_off|last_def|two_off|two_def|last_sr_off|last_sr_def|cont_pass|cont_skill|cp_x_lo|cs_x_lo|qb_xfer_in|talent4|bluechip4|new_hc|log_tenure|conf_off|promoted (n=832, lambda=0.3)","last_off|last_def|two_off|two_def|last_sr_off|last_sr_def|cont_def|cd_x_ld|talent4|bluechip4|new_hc|log_tenure|conf_def|promoted (n=596, lambda=0.3)",-11.0458030464411
245,10.9329287455635,-10.2416299575213,"last_off|last_def|two_off|two_def|last_sr_off|last_sr_def|cont_pass|cont_skill|cp_x_lo|cs_x_lo|qb_xfer_in|talent4|bluechip4|new_hc|log_tenure|conf_off|promoted (n=832, lambda=0.3)","last_off|last_def|two_off|two_def|last_sr_off|last_sr_def|cont_def|cd_x_ld|talent4|bluechip4|new_hc|log_tenure|conf_def|promoted (n=596, lambda=0.3)",21.1745587030848
248,2.98676594588057,-2.33646959787358,"last_off|last_def|two_off|two_def|last_sr_off|last_sr_def|cont_pass|cont_skill|cp_x_lo|cs_x_lo|qb_xfer_in|talent4|bluechip4|new_hc|log_tenure|conf_off|promoted (n=832, lambda=0.3)","last_off|last_def|two_off|two_def|last_sr_off|last_sr_def|cont_def|cd_x_ld|talent4|bluechip4|new_hc|log_tenure|conf_def|promoted (n=596, lambda=0.3)",5.32323554375415
249,-0.798239976104231,4.90380885966362,"last_off|last_def|two_off|two_def|last_sr_off|last_sr_def|cont_pass|cont_skill|cp_x_lo|cs_x_lo|qb_xfer_in|talent4|bluechip4|new_hc|log_tenure|conf_off|promoted (n=832, lambda=0.3)","last_off|last_def|two_off|two_def|last_sr_off|last_sr_def|cont_def|cd_x_ld|talent4|bluechip4|new_hc|log_tenure|conf_def|promoted (n=596, lambda=0.3)",-5.70204883576786
251,11.3904103218533,-10.1888626253014,"last_off|last_def|two_off|two_def|last_sr_off|last_sr_def|cont_pass|cont_skill|cp_x_lo|cs_x_lo|qb_xfer_in|talent4|bluechip4|new_hc|log_tenure|conf_off|promoted (n=832, lambda=0.3)","last_off|last_def|two_off|two_def|last_sr_off|last_sr_def|cont_def|cd_x_ld|talent4|bluechip4|new_hc|log_tenure|conf_def|promoted (n=596, lambda=0.3)",21.5792729471547
252,3.80525982493689,-6.7976256028286,"last_off|last_def|two_off|two_def|last_sr_off|last_sr_def|cont_pass|cont_skill|cp_x_lo|cs_x_lo|qb_xfer_in|talent4|bluechip4|new_hc|log_tenure|conf_off|promoted (n=832, lambda=0.3)","last_off|last_def|two_off|two_def|last_sr_off|last_sr_def|cont_def|cd_x_ld|talent4|bluechip4|new_hc|log_tenure|conf_def|promoted (n=596, lambda=0.3)",10.6028854277655
254,9.44495051214214,-5.09255616555466,"last_off|last_def|two_off|two_def|last_sr_off|last_sr_def|cont_pass|cont_skill|cp_x_lo|cs_x_lo|qb_xfer_in|talent4|bluechip4|new_hc|log_tenure|conf_off|promoted (n=832, lambda=0.3)","last_off|last_def|two_off|two_def|last_sr_off|last_sr_def|cont_def|cd_x_ld|talent4|bluechip4|new_hc|log_tenure|conf_def|promoted (n=596, lambda=0.3)",14.5375066776968
256,-2.52624742139912,1.18180792458313,"last_off|last_def|two_off|two_def|last_sr_off|last_sr_def|cont_pass|cont_skill|cp_x_lo|cs_x_lo|qb_xfer_in|talent4|bluechip4|new_hc|log_tenure|conf_off|promoted (n=832, lambda=0.3)","last_off|last_def|two_off|two_def|last_sr_off|last_sr_def|cont_def|cd_x_ld|talent4|bluechip4|new_hc|log_tenure|conf_def|promoted (n=596, lambda=0.3)",-3.70805534598225
258,2.52545605974474,-4.49286531376958,"last_off|last_def|two_off|two_def|last_sr_off|last_sr_def|cont_pass|cont_skill|cp_x_lo|cs_x_lo|qb_xfer_in|talent4|bluechip4|new_hc|log_tenure|conf_off|promoted (n=832, lambda=0.3)","last_off|last_def|two_off|two_def|last_sr_off|last_sr_def|cont_def|cd_x_ld|talent4|bluechip4|new_hc|log_tenure|conf_def|promoted (n=596, lambda=0.3)",7.01832137351432
259,1.71544656778525,-1.53613306080877,"last_off|last_def|two_off|two_def|last_sr_off|last_sr_def|cont_pass|cont_skill|cp_x_lo|cs_x_lo|qb_xfer_in|talent4|bluechip4|new_hc|log_tenure|conf_off|promoted (n=832, lambda=0.3)","last_off|last_def|two_off|two_def|last_sr_off|last_sr_def|cont_def|cd_x_ld|talent4|bluechip4|new_hc|log_tenure|conf_def|promoted (n=596, lambda=0.3)",3.25157962859403
264,5.69061678623049,-5.76117179724899,"last_off|last_def|two_off|two_def|last_sr_off|last_sr_def|cont_pass|cont_skill|cp_x_lo|cs_x_lo|qb_xfer_in|talent4|bluechip4|new_hc|log_tenure|conf_off|promoted (n=832, lambda=0.3)","last_off|last_def|two_off|two_def|last_sr_off|last_sr_def|cont_def|cd_x_ld|talent4|bluechip4|new_hc|log_tenure|conf_def|promoted (n=596, lambda=0.3)",11.4517885834795
265,-1.75131202644115,1.33688756470485,"last_off|last_def|two_off|two_def|last_sr_off|last_sr_def|cont_pass|cont_skill|cp_x_lo|cs_x_lo|qb_xfer_in|talent4|bluechip4|new_hc|log_tenure|conf_off|promoted (n=832, lambda=0.3)","last_off|last_def|two_off|two_def|last_sr_off|last_sr_def|cont_def|cd_x_ld|talent4|bluechip4|new_hc|log_tenure|conf_def|promoted (n=596, lambda=0.3)",-3.088199591146
275,0.810736264749425,-5.15985534054401,"last_off|last_def|two_off|two_def|last_sr_off|last_sr_def|cont_pass|cont_skill|cp_x_lo|cs_x_lo|qb_xfer_in|talent4|bluechip4|new_hc|log_tenure|conf_off|promoted (n=832, lambda=0.3)","last_off|last_def|two_off|two_def|last_sr_off|last_sr_def|cont_def|cd_x_ld|talent4|bluechip4|new_hc|log_tenure|conf_def|promoted (n=596, lambda=0.3)",5.97059160529344
276,-1.23877860234597,5.00988176455648,"last_off|last_def|two_off|two_def|last_sr_off|last_sr_def|cont_pass|cont_skill|cp_x_lo|cs_x_lo|qb_xfer_in|talent4|bluechip4|new_hc|log_tenure|conf_off|promoted (n=832, lambda=0.3)","last_off|last_def|two_off|two_def|last_sr_off|last_sr_def|cont_def|cd_x_ld|talent4|bluechip4|new_hc|log_tenure|conf_def|promoted (n=596, lambda=0.3)",-6.24866036690245
277,0.361281408818945,0.303260855294858,"last_off|last_def|two_off|two_def|last_sr_off|last_sr_def|cont_pass|cont_skill|cp_x_lo|cs_x_lo|qb_xfer_in|talent4|bluechip4|new_hc|log_tenure|conf_off|promoted (n=832, lambda=0.3)","last_off|last_def|two_off|two_def|last_sr_off|last_sr_def|cont_def|cd_x_ld|talent4|bluechip4|new_hc|log_tenure|conf_def|promoted (n=596, lambda=0.3)",0.0580205535240872
278,-2.14079682872078,0.38072268572459,"last_off|last_def|two_off|two_def|last_sr_off|last_sr_def|cont_pass|cont_skill|cp_x_lo|cs_x_lo|qb_xfer_in|talent4|bluechip4|new_hc|log_tenure|conf_off|promoted (n=832, lambda=0.3)","last_off|last_def|two_off|two_def|last_sr_off|last_sr_def|cont_def|cd_x_ld|talent4|bluechip4|new_hc|log_tenure|conf_def|promoted (n=596, lambda=0.3)",-2.52151951444537
290,-4.50936453455577,4.88478556473258,"last_off|last_def|two_off|two_def|last_sr_off|last_sr_def|cont_pass|cont_skill|cp_x_lo|cs_x_lo|qb_xfer_in|talent4|bluechip4|new_hc|log_tenure|conf_off|promoted (n=832, lambda=0.3)","last_off|last_def|two_off|two_def|last_sr_off|last_sr_def|cont_def|cd_x_ld|talent4|bluechip4|new_hc|log_tenure|conf_def|promoted (n=596, lambda=0.3)",-9.39415009928835
295,-3.08201882651369,0.327603090309848,"last_off|last_def|two_off|two_def|last_sr_off|last_sr_def|cont_pass|cont_skill|cp_x_lo|cs_x_lo|qb_xfer_in|talent4|bluechip4|new_hc|log_tenure|conf_off|promoted (n=832, lambda=0.3)","last_off|last_def|two_off|two_def|last_sr_off|last_sr_def|cont_def|cd_x_ld|talent4|bluechip4|new_hc|log_tenure|conf_def|promoted (n=596, lambda=0.3)",-3.40962191682354
309,-4.3176165543107,5.17678112734253,"last_off|last_def|two_off|two_def|last_sr_off|last_sr_def|cont_pass|cont_skill|cp_x_lo|cs_x_lo|qb_xfer_in|talent4|bluechip4|new_hc|log_tenure|conf_off|promoted (n=832, lambda=0.3)","last_off|last_def|two_off|two_def|last_sr_off|last_sr_def|cont_def|cd_x_ld|talent4|bluechip4|new_hc|log_tenure|conf_def|promoted (n=596, lambda=0.3)",-9.49439768165323
324,-4.85854292062942,7.21722995214536,"last_off|last_def|two_off|two_def|last_sr_off|last_sr_def|cont_pass|cont_skill|cp_x_lo|cs_x_lo|qb_xfer_in|talent4|bluechip4|new_hc|log_tenure|conf_off|promoted (n=832, lambda=0.3)","last_off|last_def|two_off|two_def|last_sr_off|last_sr_def|cont_def|cd_x_ld|talent4|bluechip4|new_hc|log_tenure|conf_def|promoted (n=596, lambda=0.3)",-12.0757728727748
326,2.40026954036877,2.0432471412019,"last_off|last_def|two_off|two_def|last_sr_off|last_sr_def|cont_pass|cont_skill|cp_x_lo|cs_x_lo|qb_xfer_in|talent4|bluechip4|new_hc|log_tenure|conf_off|promoted (n=832, lambda=0.3)","last_off|last_def|two_off|two_def|last_sr_off|last_sr_def|cont_def|cd_x_ld|talent4|bluechip4|new_hc|log_tenure|conf_def|promoted (n=596, lambda=0.3)",0.357022399166867
328,0.226343187798188,2.06818984668909,"last_off|last_def|two_off|two_def|last_sr_off|last_sr_def|cont_pass|cont_skill|cp_x_lo|cs_x_lo|qb_xfer_in|talent4|bluechip4|new_hc|log_tenure|conf_off|promoted (n=832, lambda=0.3)","last_off|last_def|two_off|two_def|last_sr_off|last_sr_def|cont_def|cd_x_ld|talent4|bluechip4|new_hc|log_tenure|conf_def|promoted (n=596, lambda=0.3)",-1.84184665889091
333,7.60798392506529,-9.37696653744424,"last_off|last_def|two_off|two_def|last_sr_off|last_sr_def|cont_pass|cont_skill|cp_x_lo|cs_x_lo|qb_xfer_in|talent4|bluechip4|new_hc|log_tenure|conf_off|promoted (n=832, lambda=0.3)","last_off|last_def|two_off|two_def|last_sr_off|last_sr_def|cont_def|cd_x_ld|talent4|bluechip4|new_hc|log_tenure|conf_def|promoted (n=596, lambda=0.3)",16.9849504625095
338,-6.83738975789878,5.81820217943585,"last_off|last_def|two_off|two_def|last_sr_off|last_sr_def|cont_pass|cont_skill|cp_x_lo|cs_x_lo|qb_xfer_in|talent4|bluechip4|new_hc|log_tenure|conf_off|promoted (n=832, lambda=0.3)","last_off|last_def|two_off|two_def|last_sr_off|last_sr_def|cont_def|cd_x_ld|talent4|bluechip4|new_hc|log_tenure|conf_def|promoted (n=596, lambda=0.3)",-12.6555919373346
344,2.2916983990055,-0.353128112834704,"last_off|last_def|two_off|two_def|last_sr_off|last_sr_def|cont_pass|cont_skill|cp_x_lo|cs_x_lo|qb_xfer_in|talent4|bluechip4|new_hc|log_tenure|conf_off|promoted (n=832, lambda=0.3)","last_off|last_def|two_off|two_def|last_sr_off|last_sr_def|cont_def|cd_x_ld|talent4|bluechip4|new_hc|log_tenure|conf_def|promoted (n=596, lambda=0.3)",2.64482651184021
349,-4.87770071031427,2.27531842244994,"last_off|last_def|two_off|two_def|last_sr_off|last_sr_def|cont_pass|cont_skill|cp_x_lo|cs_x_lo|qb_xfer_in|talent4|bluechip4|new_hc|log_tenure|conf_off|promoted (n=832, lambda=0.3)","last_off|last_def|two_off|two_def|last_sr_off|last_sr_def|cont_def|cd_x_ld|talent4|bluechip4|new_hc|log_tenure|conf_def|promoted (n=596, lambda=0.3)",-7.15301913276421
356,6.1291923497573,-3.58946671440976,"last_off|last_def|two_off|two_def|last_sr_off|last_sr_def|cont_pass|cont_skill|cp_x_lo|cs_x_lo|qb_xfer_in|talent4|bluechip4|new_hc|log_tenure|conf_off|promoted (n=832, lambda=0.3)","last_off|last_def|two_off|two_def|last_sr_off|last_sr_def|cont_def|cd_x_ld|talent4|bluechip4|new_hc|log_tenure|conf_def|promoted (n=596, lambda=0.3)",9.71865906416706
2005,-3.42623768136102,2.90711396288105,"last_off|last_def|two_off|two_def|last_sr_off|last_sr_def|cont_pass|cont_skill|cp_x_lo|cs_x_lo|qb_xfer_in|talent4|bluechip4|new_hc|log_tenure|conf_off|promoted (n=832, lambda=0.3)","last_off|last_def|two_off|two_def|last_sr_off|last_sr_def|cont_def|cd_x_ld|talent4|bluechip4|new_hc|log_tenure|conf_def|promoted (n=596, lambda=0.3)",-6.33335164424207
2006,-5.99118320991065,6.96719427335659,"last_off|last_def|two_off|two_def|last_sr_off|last_sr_def|cont_pass|cont_skill|cp_x_lo|cs_x_lo|qb_xfer_in|talent4|bluechip4|new_hc|log_tenure|conf_off|promoted (n=832, lambda=0.3)","last_off|last_def|two_off|two_def|last_sr_off|last_sr_def|cont_def|cd_x_ld|talent4|bluechip4|new_hc|log_tenure|conf_def|promoted (n=596, lambda=0.3)",-12.9583774832672
2026,-5.39870790983304,6.48551747945551,"last_off|last_def|two_off|two_def|last_sr_off|last_sr_def|cont_pass|cont_skill|cp_x_lo|cs_x_lo|qb_xfer_in|talent4|bluechip4|new_hc|log_tenure|conf_off|promoted (n=832, lambda=0.3)","last_off|last_def|two_off|two_def|last_sr_off|last_sr_def|cont_def|cd_x_ld|talent4|bluechip4|new_hc|log_tenure|conf_def|promoted (n=596, lambda=0.3)",-11.8842253892885
2032,-4.63304150995592,3.94378580456632,"last_off|last_def|two_off|two_def|last_sr_off|last_sr_def|cont_pass|cont_skill|cp_x_lo|cs_x_lo|qb_xfer_in|talent4|bluechip4|new_hc|log_tenure|conf_off|promoted (n=832, lambda=0.3)","last_off|last_def|two_off|two_def|last_sr_off|last_sr_def|cont_def|cd_x_ld|talent4|bluechip4|new_hc|log_tenure|conf_def|promoted (n=596, lambda=0.3)",-8.57682731452224
2050,-8.59903359963104,8.44158418641336,"last_off|last_def|two_off|two_def|last_sr_off|last_sr_def|cont_pass|cont_skill|cp_x_lo|cs_x_lo|qb_xfer_in|talent4|bluechip4|new_hc|log_tenure|conf_off|promoted (n=832, lambda=0.3)","last_off|last_def|two_off|two_def|last_sr_off|last_sr_def|cont_def|cd_x_ld|talent4|bluechip4|new_hc|log_tenure|conf_def|promoted (n=596, lambda=0.3)",-17.0406177860444
2084,-6.37773506935779,5.49448447486837,"last_off|last_def|two_off|two_def|last_sr_off|last_sr_def|cont_pass|cont_skill|cp_x_lo|cs_x_lo|qb_xfer_in|talent4|bluechip4|new_hc|log_tenure|conf_off|promoted (n=832, lambda=0.3)","last_off|last_def|two_off|two_def|last_sr_off|last_sr_def|cont_def|cd_x_ld|talent4|bluechip4|new_hc|log_tenure|conf_def|promoted (n=596, lambda=0.3)",-11.8722195442262
2116,-0.87295432320122,-2.1398211944548,"last_off|last_def|two_off|two_def|last_sr_off|last_sr_def|cont_pass|cont_skill|cp_x_lo|cs_x_lo|qb_xfer_in|talent4|bluechip4|new_hc|log_tenure|conf_off|promoted (n=832, lambda=0.3)","last_off|last_def|two_off|two_def|last_sr_off|last_sr_def|cont_def|cd_x_ld|talent4|bluechip4|new_hc|log_tenure|conf_def|promoted (n=596, lambda=0.3)",1.26686687125358
2117,-4.31636360223128,5.39511466042536,"last_off|last_def|two_off|two_def|last_sr_off|last_sr_def|cont_pass|cont_skill|cp_x_lo|cs_x_lo|qb_xfer_in|talent4|bluechip4|new_hc|log_tenure|conf_off|promoted (n=832, lambda=0.3)","last_off|last_def|two_off|two_def|last_sr_off|last_sr_def|cont_def|cd_x_ld|talent4|bluechip4|new_hc|log_tenure|conf_def|promoted (n=596, lambda=0.3)",-9.71147826265664
2132,0.878817084754366,-2.12051037038288,"last_off|last_def|two_off|two_def|last_sr_off|last_sr_def|cont_pass|cont_skill|cp_x_lo|cs_x_lo|qb_xfer_in|talent4|bluechip4|new_hc|log_tenure|conf_off|promoted (n=832, lambda=0.3)","last_off|last_def|two_off|two_def|last_sr_off|last_sr_def|cont_def|cd_x_ld|talent4|bluechip4|new_hc|log_tenure|conf_def|promoted (n=596, lambda=0.3)",2.99932745513725
2199,-4.21181788063452,4.13560650668317,"last_off|last_def|two_off|two_def|last_sr_off|last_sr_def|cont_pass|cont_skill|cp_x_lo|cs_x_lo|qb_xfer_in|talent4|bluechip4|new_hc|log_tenure|conf_off|promoted (n=832, lambda=0.3)","last_off|last_def|two_off|two_def|last_sr_off|last_sr_def|cont_def|cd_x_ld|talent4|bluechip4|new_hc|log_tenure|conf_def|promoted (n=596, lambda=0.3)",-8.34742438731769
2226,-1.52914636697736,5.62962250544409,"last_off|last_def|two_off|two_def|last_sr_off|last_sr_def|cont_pass|cont_skill|cp_x_lo|cs_x_lo|qb_xfer_in|talent4|bluechip4|new_hc|log_tenure|conf_off|promoted (n=832, lambda=0.3)","last_off|last_def|two_off|two_def|last_sr_off|last_sr_def|cont_def|cd_x_ld|talent4|bluechip4|new_hc|log_tenure|conf_def|promoted (n=596, lambda=0.3)",-7.15876887242146
2229,-4.89498577499547,4.84097944795455,"last_off|last_def|two_off|two_def|last_sr_off|last_sr_def|cont_pass|cont_skill|cp_x_lo|cs_x_lo|qb_xfer_in|talent4|bluechip4|new_hc|log_tenure|conf_off|promoted (n=832, lambda=0.3)","last_off|last_def|two_off|two_def|last_sr_off|last_sr_def|cont_def|cd_x_ld|talent4|bluechip4|new_hc|log_tenure|conf_def|promoted (n=596, lambda=0.3)",-9.73596522295002
2247,-6.17554861467933,7.37385682526352,"last_off|last_def|two_off|two_def|last_sr_off|last_sr_def|cont_pass|cont_skill|cp_x_lo|cs_x_lo|qb_xfer_in|talent4|bluechip4|new_hc|log_tenure|conf_off|promoted (n=832, lambda=0.3)","last_off|last_def|two_off|two_def|last_sr_off|last_sr_def|cont_def|cd_x_ld|talent4|bluechip4|new_hc|log_tenure|conf_def|promoted (n=596, lambda=0.3)",-13.5494054399428
2294,2.30522966866072,-6.65347589644847,"last_off|last_def|two_off|two_def|last_sr_off|last_sr_def|cont_pass|cont_skill|cp_x_lo|cs_x_lo|qb_xfer_in|talent4|bluechip4|new_hc|log_tenure|conf_off|promoted (n=832, lambda=0.3)","last_off|last_def|two_off|two_def|last_sr_off|last_sr_def|cont_def|cd_x_ld|talent4|bluechip4|new_hc|log_tenure|conf_def|promoted (n=596, lambda=0.3)",8.95870556510918
2305,4.44367925082406,-3.47537730750689,"last_off|last_def|two_off|two_def|last_sr_off|last_sr_def|cont_pass|cont_skill|cp_x_lo|cs_x_lo|qb_xfer_in|talent4|bluechip4|new_hc|log_tenure|conf_off|promoted (n=832, lambda=0.3)","last_off|last_def|two_off|two_def|last_sr_off|last_sr_def|cont_def|cd_x_ld|talent4|bluechip4|new_hc|log_tenure|conf_def|promoted (n=596, lambda=0.3)",7.91905655833095
2306,5.05541878126959,-1.75796801175283,"last_off|last_def|two_off|two_def|last_sr_off|last_sr_def|cont_pass|cont_skill|cp_x_lo|cs_x_lo|qb_xfer_in|talent4|bluechip4|new_hc|log_tenure|conf_off|promoted (n=832, lambda=0.3)","last_off|last_def|two_off|two_def|last_sr_off|last_sr_def|cont_def|cd_x_ld|talent4|bluechip4|new_hc|log_tenure|conf_def|promoted (n=596, lambda=0.3)",6.81338679302242
2309,-7.61220689110202,9.69752640376391,"last_off|last_def|two_off|two_def|last_sr_off|last_sr_def|cont_pass|cont_skill|cp_x_lo|cs_x_lo|qb_xfer_in|talent4|bluechip4|new_hc|log_tenure|conf_off|promoted (n=832, lambda=0.3)","last_off|last_def|two_off|two_def|last_sr_off|last_sr_def|cont_def|cd_x_ld|talent4|bluechip4|new_hc|log_tenure|conf_def|promoted (n=596, lambda=0.3)",-17.3097332948659
2335,-2.94407446307858,3.62645144028918,"last_off|last_def|two_off|two_def|last_sr_off|last_sr_def|cont_pass|cont_skill|cp_x_lo|cs_x_lo|qb_xfer_in|talent4|bluechip4|new_hc|log_tenure|conf_off|promoted (n=832, lambda=0.3)","last_off|last_def|two_off|two_def|last_sr_off|last_sr_def|cont_def|cd_x_ld|talent4|bluechip4|new_hc|log_tenure|conf_def|promoted (n=596, lambda=0.3)",-6.57052590336776
2348,-3.58856214520751,2.78625869205336,"last_off|last_def|two_off|two_def|last_sr_off|last_sr_def|cont_pass|cont_skill|cp_x_lo|cs_x_lo|qb_xfer_in|talent4|bluechip4|new_hc|log_tenure|conf_off|promoted (n=832, lambda=0.3)","last_off|last_def|two_off|two_def|last_sr_off|last_sr_def|cont_def|cd_x_ld|talent4|bluechip4|new_hc|log_tenure|conf_def|promoted (n=596, lambda=0.3)",-6.37482083726087
2390,11.5704713292979,-9.94413382724684,"last_off|last_def|two_off|two_def|last_sr_off|last_sr_def|cont_pass|cont_skill|cp_x_lo|cs_x_lo|qb_xfer_in|talent4|bluechip4|new_hc|log_tenure|conf_off|promoted (n=832, lambda=0.3)","last_off|last_def|two_off|two_def|last_sr_off|last_sr_def|cont_def|cd_x_ld|talent4|bluechip4|new_hc|log_tenure|conf_def|promoted (n=596, lambda=0.3)",21.5146051565448
2393,-6.38633660592654,7.41999679127139,"last_off|last_def|two_off|two_def|last_sr_off|last_sr_def|cont_pass|cont_skill|cp_x_lo|cs_x_lo|qb_xfer_in|talent4|bluechip4|new_hc|log_tenure|conf_off|promoted (n=832, lambda=0.3)","last_off|last_def|two_off|two_def|last_sr_off|last_sr_def|cont_def|cd_x_ld|talent4|bluechip4|new_hc|log_tenure|conf_def|promoted (n=596, lambda=0.3)",-13.8063333971979
2426,-3.64336183589654,1.2084266873139,"last_off|last_def|two_off|two_def|last_sr_off|last_sr_def|cont_pass|cont_skill|cp_x_lo|cs_x_lo|qb_xfer_in|talent4|bluechip4|new_hc|log_tenure|conf_off|promoted (n=832, lambda=0.3)","last_off|last_def|two_off|two_def|last_sr_off|last_sr_def|cont_def|cd_x_ld|talent4|bluechip4|new_hc|log_tenure|conf_def|promoted (n=596, lambda=0.3)",-4.85178852321044
2429,-8.50520282470679,8.32173775327157,"last_off|last_def|two_off|two_def|last_sr_off|last_sr_def|cont_pass|cont_skill|cp_x_lo|cs_x_lo|qb_xfer_in|talent4|bluechip4|new_hc|log_tenure|conf_off|promoted (n=832, lambda=0.3)","last_off|last_def|two_off|two_def|last_sr_off|last_sr_def|cont_def|cd_x_ld|talent4|bluechip4|new_hc|log_tenure|conf_def|promoted (n=596, lambda=0.3)",-16.8269405779784
2433,-8.2374888782712,6.61029597948059,"last_off|last_def|two_off|two_def|last_sr_off|last_sr_def|cont_pass|cont_skill|cp_x_lo|cs_x_lo|qb_xfer_in|talent4|bluechip4|new_hc|log_tenure|conf_off|promoted (n=832, lambda=0.3)","last_off|last_def|two_off|two_def|last_sr_off|last_sr_def|cont_def|cd_x_ld|talent4|bluechip4|new_hc|log_tenure|conf_def|promoted (n=596, lambda=0.3)",-14.8477848577518
2439,0.555025921215279,2.82808122744493,"last_off|last_def|two_off|two_def|last_sr_off|last_sr_def|cont_pass|cont_skill|cp_x_lo|cs_x_lo|qb_xfer_in|talent4|bluechip4|new_hc|log_tenure|conf_off|promoted (n=832, lambda=0.3)","last_off|last_def|two_off|two_def|last_sr_off|last_sr_def|cont_def|cd_x_ld|talent4|bluechip4|new_hc|log_tenure|conf_def|promoted (n=596, lambda=0.3)",-2.27305530622965
2440,-6.19517258041489,4.7986959697836,"last_off|last_def|two_off|two_def|last_sr_off|last_sr_def|cont_pass|cont_skill|cp_x_lo|cs_x_lo|qb_xfer_in|talent4|bluechip4|new_hc|log_tenure|conf_off|promoted (n=832, lambda=0.3)","last_off|last_def|two_off|two_def|last_sr_off|last_sr_def|cont_def|cd_x_ld|talent4|bluechip4|new_hc|log_tenure|conf_def|promoted (n=596, lambda=0.3)",-10.9938685501985
2449,-4.68994277883829,6.09540300752973,"qb_xfer_in|talent4|bluechip4|new_hc|log_tenure|conf_off|promoted (n=970, lambda=0.03)","talent4|bluechip4|new_hc|log_tenure|conf_def|promoted (n=970, lambda=0.03)",-10.785345786368
2459,-6.8843681545513,6.09155896251745,"last_off|last_def|two_off|two_def|last_sr_off|last_sr_def|cont_pass|cont_skill|cp_x_lo|cs_x_lo|qb_xfer_in|talent4|bluechip4|new_hc|log_tenure|conf_off|promoted (n=832, lambda=0.3)","last_off|last_def|two_off|two_def|last_sr_off|last_sr_def|cont_def|cd_x_ld|talent4|bluechip4|new_hc|log_tenure|conf_def|promoted (n=596, lambda=0.3)",-12.9759271170687
2483,12.2682143167622,-10.5994564714898,"last_off|last_def|two_off|two_def|last_sr_off|last_sr_def|cont_pass|cont_skill|cp_x_lo|cs_x_lo|qb_xfer_in|talent4|bluechip4|new_hc|log_tenure|conf_off|promoted (n=832, lambda=0.3)","last_off|last_def|two_off|two_def|last_sr_off|last_sr_def|cont_def|cd_x_ld|talent4|bluechip4|new_hc|log_tenure|conf_def|promoted (n=596, lambda=0.3)",22.867670788252
2509,-0.586697365096814,1.55192071751484,"last_off|last_def|two_off|two_def|last_sr_off|last_sr_def|cont_pass|cont_skill|cp_x_lo|cs_x_lo|qb_xfer_in|talent4|bluechip4|new_hc|log_tenure|conf_off|promoted (n=832, lambda=0.3)","last_off|last_def|two_off|two_def|last_sr_off|last_sr_def|cont_def|cd_x_ld|talent4|bluechip4|new_hc|log_tenure|conf_def|promoted (n=596, lambda=0.3)",-2.13861808261166
2534,-6.51596316330514,8.03886000384389,"last_off|last_def|two_off|two_def|last_sr_off|last_sr_def|cont_pass|cont_skill|cp_x_lo|cs_x_lo|qb_xfer_in|talent4|bluechip4|new_hc|log_tenure|conf_off|promoted (n=832, lambda=0.3)","last_off|last_def|two_off|two_def|last_sr_off|last_sr_def|cont_def|cd_x_ld|talent4|bluechip4|new_hc|log_tenure|conf_def|promoted (n=596, lambda=0.3)",-14.554823167149
2567,4.53300655817331,-3.89347455181246,"last_off|last_def|two_off|two_def|last_sr_off|last_sr_def|cont_pass|cont_skill|cp_x_lo|cs_x_lo|qb_xfer_in|talent4|bluechip4|new_hc|log_tenure|conf_off|promoted (n=832, lambda=0.3)","last_off|last_def|two_off|two_def|last_sr_off|last_sr_def|cont_def|cd_x_ld|talent4|bluechip4|new_hc|log_tenure|conf_def|promoted (n=596, lambda=0.3)",8.42648110998577
2572,-7.29962652556405,7.55672618098499,"last_off|last_def|two_off|two_def|last_sr_off|last_sr_def|cont_pass|cont_skill|cp_x_lo|cs_x_lo|qb_xfer_in|talent4|bluechip4|new_hc|log_tenure|conf_off|promoted (n=832, lambda=0.3)","last_off|last_def|two_off|two_def|last_sr_off|last_sr_def|cont_def|cd_x_ld|talent4|bluechip4|new_hc|log_tenure|conf_def|promoted (n=596, lambda=0.3)",-14.856352706549
2579,4.4280928845558,-6.75878835965023,"last_off|last_def|two_off|two_def|last_sr_off|last_sr_def|cont_pass|cont_skill|cp_x_lo|cs_x_lo|qb_xfer_in|talent4|bluechip4|new_hc|log_tenure|conf_off|promoted (n=832, lambda=0.3)","last_off|last_def|two_off|two_def|last_sr_off|last_sr_def|cont_def|cd_x_ld|talent4|bluechip4|new_hc|log_tenure|conf_def|promoted (n=596, lambda=0.3)",11.186881244206
2623,-7.46171419604786,6.62845093626673,"last_off|last_def|last_sr_off|last_sr_def|cont_pass|cont_skill|cp_x_lo|cs_x_lo|qb_xfer_in|talent4|bluechip4|new_hc|log_tenure|conf_off|promoted (n=955, lambda=0.1)","last_off|last_def|last_sr_off|last_sr_def|cont_def|cd_x_ld|talent4|bluechip4|new_hc|log_tenure|conf_def|promoted (n=599, lambda=0.3)",-14.0901651323146
2628,1.85048791003511,-2.92870503170095,"last_off|last_def|two_off|two_def|last_sr_off|last_sr_def|cont_pass|cont_skill|cp_x_lo|cs_x_lo|qb_xfer_in|talent4|bluechip4|new_hc|log_tenure|conf_off|promoted (n=832, lambda=0.3)","last_off|last_def|two_off|two_def|last_sr_off|last_sr_def|cont_def|cd_x_ld|talent4|bluechip4|new_hc|log_tenure|conf_def|promoted (n=596, lambda=0.3)",4.77919294173606
2633,8.56229676340078,-7.25153099974286,"last_off|last_def|two_off|two_def|last_sr_off|last_sr_def|cont_pass|cont_skill|cp_x_lo|cs_x_lo|qb_xfer_in|talent4|bluechip4|new_hc|log_tenure|conf_off|promoted (n=832, lambda=0.3)","last_off|last_def|two_off|two_def|last_sr_off|last_sr_def|cont_def|cd_x_ld|talent4|bluechip4|new_hc|log_tenure|conf_def|promoted (n=596, lambda=0.3)",15.8138277631436
2636,0.754433746178212,2.79668605357992,"last_off|last_def|two_off|two_def|last_sr_off|last_sr_def|cont_pass|cont_skill|cp_x_lo|cs_x_lo|qb_xfer_in|talent4|bluechip4|new_hc|log_tenure|conf_off|promoted (n=832, lambda=0.3)","last_off|last_def|two_off|two_def|last_sr_off|last_sr_def|cont_def|cd_x_ld|talent4|bluechip4|new_hc|log_tenure|conf_def|promoted (n=596, lambda=0.3)",-2.0422523074017
2638,-8.01034495452661,6.5592206195845,"last_off|last_def|two_off|two_def|last_sr_off|last_sr_def|cont_pass|cont_skill|cp_x_lo|cs_x_lo|qb_xfer_in|talent4|bluechip4|new_hc|log_tenure|conf_off|promoted (n=832, lambda=0.3)","last_off|last_def|two_off|two_def|last_sr_off|last_sr_def|cont_def|cd_x_ld|talent4|bluechip4|new_hc|log_tenure|conf_def|promoted (n=596, lambda=0.3)",-14.5695655741111
2641,10.8012726741614,-9.49050536112901,"last_off|last_def|two_off|two_def|last_sr_off|last_sr_def|cont_pass|cont_skill|cp_x_lo|cs_x_lo|qb_xfer_in|talent4|bluechip4|new_hc|log_tenure|conf_off|promoted (n=832, lambda=0.3)","last_off|last_def|two_off|two_def|last_sr_off|last_sr_def|cont_def|cd_x_ld|talent4|bluechip4|new_hc|log_tenure|conf_def|promoted (n=596, lambda=0.3)",20.2917780352904
2649,-3.86560039913901,2.37329876960854,"last_off|last_def|two_off|two_def|last_sr_off|last_sr_def|cont_pass|cont_skill|cp_x_lo|cs_x_lo|qb_xfer_in|talent4|bluechip4|new_hc|log_tenure|conf_off|promoted (n=832, lambda=0.3)","last_off|last_def|two_off|two_def|last_sr_off|last_sr_def|cont_def|cd_x_ld|talent4|bluechip4|new_hc|log_tenure|conf_def|promoted (n=596, lambda=0.3)",-6.23889916874755
2653,-5.33353825735503,3.98382645197003,"last_off|last_def|two_off|two_def|last_sr_off|last_sr_def|cont_pass|cont_skill|cp_x_lo|cs_x_lo|qb_xfer_in|talent4|bluechip4|new_hc|log_tenure|conf_off|promoted (n=832, lambda=0.3)","last_off|last_def|two_off|two_def|last_sr_off|last_sr_def|cont_def|cd_x_ld|talent4|bluechip4|new_hc|log_tenure|conf_def|promoted (n=596, lambda=0.3)",-9.31736470932506
2655,-1.75081279343538,-0.741504413461344,"last_off|last_def|two_off|two_def|last_sr_off|last_sr_def|cont_pass|cont_skill|cp_x_lo|cs_x_lo|qb_xfer_in|talent4|bluechip4|new_hc|log_tenure|conf_off|promoted (n=832, lambda=0.3)","last_off|last_def|two_off|two_def|last_sr_off|last_sr_def|cont_def|cd_x_ld|talent4|bluechip4|new_hc|log_tenure|conf_def|promoted (n=596, lambda=0.3)",-1.00930837997404
2711,-1.95789733259939,1.30615695030971,"last_off|last_def|two_off|two_def|last_sr_off|last_sr_def|cont_pass|cont_skill|cp_x_lo|cs_x_lo|qb_xfer_in|talent4|bluechip4|new_hc|log_tenure|conf_off|promoted (n=832, lambda=0.3)","last_off|last_def|two_off|two_def|last_sr_off|last_sr_def|cont_def|cd_x_ld|talent4|bluechip4|new_hc|log_tenure|conf_def|promoted (n=596, lambda=0.3)",-3.26405428290911
2751,-6.60592033087413,3.05066995370172,"last_off|last_def|two_off|two_def|last_sr_off|last_sr_def|cont_pass|cont_skill|cp_x_lo|cs_x_lo|qb_xfer_in|talent4|bluechip4|new_hc|log_tenure|conf_off|promoted (n=832, lambda=0.3)","last_off|last_def|two_off|two_def|last_sr_off|last_sr_def|cont_def|cd_x_ld|talent4|bluechip4|new_hc|log_tenure|conf_def|promoted (n=596, lambda=0.3)",-9.65659028457585
