"season","rank","school","conference"
2018,1,"Alabama","SEC"
2018,2,"Clemson","ACC"
2018,3,"Notre Dame","FBS Independents"
2018,4,"Oklahoma","Big 12"
2018,5,"Georgia","SEC"
2018,6,"Ohio State","Big Ten"
2018,7,"Michigan","Big Ten"
2018,8,"UCF","American Athletic"
2018,9,"Washington","Pac-12"
2018,10,"Florida","SEC"
2018,11,"LSU","SEC"
2018,12,"Penn State","Big Ten"
2018,13,"Washington State","Pac-12"
2018,14,"Kentucky","SEC"
2018,15,"Texas","Big 12"
2018,16,"West Virginia","Big 12"
2018,17,"Utah","Pac-12"
2018,18,"Mississippi State","SEC"
2018,19,"Texas A&M","SEC"
2018,20,"Syracuse","ACC"
2018,21,"Fresno State","Mountain West"
2018,22,"Northwestern","Big Ten"
2018,23,"Missouri","SEC"
2018,24,"Iowa State","Big 12"
2018,25,"Boise State","Mountain West"
2019,1,"LSU","SEC"
2019,2,"Ohio State","Big Ten"
2019,3,"Clemson","ACC"
2019,4,"Oklahoma","Big 12"
2019,5,"Georgia","SEC"
2019,6,"Oregon","Pac-12"
2019,7,"Baylor","Big 12"
2019,8,"Wisconsin","Big Ten"
2019,9,"Florida","SEC"
2019,10,"Penn State","Big Ten"
2019,11,"Utah","Pac-12"
2019,12,"Auburn","SEC"
2019,13,"Alabama","SEC"
2019,14,"Michigan","Big Ten"
2019,15,"Notre Dame","FBS Independents"
2019,16,"Iowa","Big Ten"
2019,17,"Memphis","American Athletic"
2019,18,"Minnesota","Big Ten"
2019,19,"Boise State","Mountain West"
2019,20,"App State","Sun Belt"
2019,21,"Cincinnati","American Athletic"
2019,22,"USC","Pac-12"
2019,23,"Navy","American Athletic"
2019,24,"Virginia","ACC"
2019,25,"Oklahoma State","Big 12"
2020,1,"Alabama","SEC"
2020,2,"Clemson","ACC"
2020,3,"Ohio State","Big Ten"
2020,4,"Notre Dame","ACC"
2020,5,"Texas A&M","SEC"
2020,6,"Oklahoma","Big 12"
2020,7,"Florida","SEC"
2020,8,"Cincinnati","American Athletic"
2020,9,"Georgia","SEC"
2020,10,"Iowa State","Big 12"
2020,11,"Indiana","Big Ten"
2020,12,"Coastal Carolina","Sun Belt"
2020,13,"North Carolina","ACC"
2020,14,"Northwestern","Big Ten"
2020,15,"Iowa","Big Ten"
2020,16,"BYU","FBS Independents"
2020,17,"USC","Pac-12"
2020,18,"Miami","ACC"
2020,19,"Louisiana","Sun Belt"
2020,20,"Texas","Big 12"
2020,21,"Oklahoma State","Big 12"
2020,22,"San Jos<U+00E9> State","Mountain West"
2020,23,"NC State","ACC"
2020,24,"Tulsa","American Athletic"
2020,25,"Oregon","Pac-12"
2021,1,"Alabama","SEC"
2021,2,"Michigan","Big Ten"
2021,3,"Georgia","SEC"
2021,4,"Cincinnati","American Athletic"
2021,5,"Notre Dame","FBS Independents"
2021,6,"Ohio State","Big Ten"
2021,7,"Baylor","Big 12"
2021,8,"Ole Miss","SEC"
2021,9,"Oklahoma State","Big 12"
2021,10,"Michigan State","Big Ten"
2021,11,"Utah","Pac-12"
2021,12,"Pittsburgh","ACC"
2021,13,"BYU","FBS Independents"
2021,14,"Oregon","Pac-12"
2021,15,"Iowa","Big Ten"
2021,16,"Oklahoma","Big 12"
2021,17,"Wake Forest","ACC"
2021,18,"NC State","ACC"
2021,19,"Clemson","ACC"
2021,20,"Houston","American Athletic"
2021,21,"Arkansas","SEC"
2021,22,"Kentucky","SEC"
2021,23,"Louisiana","Sun Belt"
2021,24,"San Diego State","Mountain West"
2021,25,"Texas A&M","SEC"
2022,1,"Georgia","SEC"
2022,2,"Michigan","Big Ten"
2022,3,"TCU","Big 12"
2022,4,"Ohio State","Big Ten"
2022,5,"Alabama","SEC"
2022,6,"Tennessee","SEC"
2022,7,"Clemson","ACC"
2022,8,"Utah","Pac-12"
2022,9,"Kansas State","Big 12"
2022,10,"USC","Pac-12"
2022,11,"Penn State","Big Ten"
2022,12,"Washington","Pac-12"
2022,13,"Florida State","ACC"
2022,14,"Oregon State","Pac-12"
2022,15,"Oregon","Pac-12"
2022,16,"Tulane","American Athletic"
2022,17,"LSU","SEC"
2022,18,"UCLA","Pac-12"
2022,19,"South Carolina","SEC"
2022,20,"Texas","Big 12"
2022,21,"Notre Dame","FBS Independents"
2022,22,"Mississippi State","SEC"
2022,23,"NC State","ACC"
2022,24,"Troy","Sun Belt"
2022,25,"UTSA","Conference USA"
2023,1,"Michigan","Big Ten"
2023,2,"Washington","Pac-12"
2023,3,"Texas","Big 12"
2023,4,"Georgia","SEC"
2023,5,"Alabama","SEC"
2023,6,"Florida State","ACC"
2023,6,"Oregon","Pac-12"
2023,8,"Missouri","SEC"
2023,9,"Ole Miss","SEC"
2023,10,"Ohio State","Big Ten"
2023,11,"Arizona","Pac-12"
2023,12,"LSU","SEC"
2023,13,"Penn State","Big Ten"
2023,14,"Notre Dame","FBS Independents"
2023,15,"Oklahoma","Big 12"
2023,16,"Oklahoma State","Big 12"
2023,17,"Tennessee","SEC"
2023,18,"Kansas State","Big 12"
2023,19,"Louisville","ACC"
2023,20,"Clemson","ACC"
2023,21,"NC State","ACC"
2023,22,"SMU","American Athletic"
2023,23,"Kansas","Big 12"
2023,24,"Iowa","Big Ten"
2023,25,"Liberty","Conference USA"
2024,1,"Oregon","Big Ten"
2024,2,"Georgia","SEC"
2024,3,"Texas","SEC"
2024,4,"Penn State","Big Ten"
2024,5,"Notre Dame","FBS Independents"
2024,6,"Ohio State","Big Ten"
2024,7,"Tennessee","SEC"
2024,8,"Indiana","Big Ten"
2024,9,"Boise State","Mountain West"
2024,10,"SMU","ACC"
2024,11,"Alabama","SEC"
2024,12,"Arizona State","Big 12"
2024,13,"Miami","ACC"
2024,14,"Ole Miss","SEC"
2024,15,"South Carolina","SEC"
2024,16,"Clemson","ACC"
2024,17,"BYU","Big 12"
2024,18,"Iowa State","Big 12"
2024,19,"Missouri","SEC"
2024,20,"Illinois","Big Ten"
2024,21,"Syracuse","ACC"
2024,22,"Army","American Athletic"
2024,23,"Colorado","Big 12"
2024,24,"UNLV","Mountain West"
2024,25,"Memphis","American Athletic"
2025,1,"Indiana","Big Ten"
2025,2,"Ohio State","Big Ten"
2025,3,"Georgia","SEC"
2025,4,"Texas Tech","Big 12"
2025,5,"Oregon","Big Ten"
2025,6,"Ole Miss","SEC"
2025,7,"Texas A&M","SEC"
2025,8,"Oklahoma","SEC"
2025,9,"Alabama","SEC"
2025,10,"Miami","ACC"
2025,11,"Notre Dame","FBS Independents"
2025,12,"BYU","Big 12"
2025,13,"Texas","SEC"
2025,14,"Vanderbilt","SEC"
2025,15,"Utah","Big 12"
2025,16,"USC","Big Ten"
2025,17,"Arizona","Big 12"
2025,18,"Michigan","Big Ten"
2025,19,"Virginia","ACC"
2025,20,"Tulane","American Athletic"
2025,21,"Houston","Big 12"
2025,22,"Georgia Tech","ACC"
2025,23,"Iowa","Big Ten"
2025,24,"James Madison","Sun Belt"
2025,25,"North Texas","American Athletic"
